Workbook

Sheet Index&Match
C4: D_Code | D4: FirstName | E4: LastName | F4: Birthdate | G4: Gender | H4: M_Status | I4: Department | J4: Region | K4: Basic Salary
C5: 150834 | D5: Aiden | E5: Clarke | F5: 29952 | G5: Female | H5: Married | I5: FLM | J5: North | K5: 48000
C6: 150784 | D6: Maya | E6: Bennett | F6: 33311 | G6: Female | H6: Single | I6: Digital Marketing | J6: North | K6: 35000
C7: 150791 | D7: Rohan | E7: Desai | F7: 31620 | G7: Female | H7: Married | I7: Digital Marketing | J7: North | K7: 67000 | M7: Figure out who has the Max and Min Salary
C8: 150940 | D8: Kiara | E8: Sullivan | F8: 32425 | G8: Male | H8: Single | I8: Inside Sales | J8: South | K8: 87000
C9: 150777 | D9: Ethan | E9: Brooks | F9: 28997 | G9: Male | H9: Married | I9: Marketing | J9: North | K9: 22000 | M9: Name of Employees, who have | O9: First Name
C10: 150805 | D10: Sarah | E10: Whitman | F10: 35036 | G10: Male | H10: Married | I10: Director | J10: North | K10: 91000 | M10: Max Salary | N10: =MAX(K5:K42) -> 92000 | O10: =INDEX(D5:D42,MATCH(N10,K5:K42,0)) -> Daniel
C11: 150990 | D11: Liam | E11: Turner | F11: 30544 | G11: Male | H11: Married | I11: Learning & Development | J11: Mid West | K11: 77000 | M11: Min Salary | N11: =MIN(K5:K42) -> 15000 | O11: =INDEX(D6:D43,MATCH(N11,K6:K43,0)) -> Lucas
C12: 150989 | D12: Priya | E12: Nair | F12: 32932 | G12: Male | H12: Married | I12: Digital Marketing | J12: Mid West | K12: 45000
C13: 150881 | D13: Daniel | E13: Harper | F13: 31939 | G13: Male | H13: Single | I13: Digital Marketing | J13: East | K13: 92000
C14: 150814 | D14: Zoe | E14: Mitchell | F14: 29859 | G14: Male | H14: Married | I14: Inside Sales | J14: North | K14: 50000
C15: 150937 | D15: Arjun | E15: Mehta | F15: 35160 | G15: Male | H15: Married | I15: Learning & Development | J15: South | K15: 37000
C16: 150888 | D16: Layla | E16: Anderson | F16: 31005 | G16: Male | H16: Married | I16: Learning & Development | J16: East | K16: 43000
C17: 150865 | D17: Isaac | E17: Reid | F17: 32532 | G17: Female | H17: Married | I17: CEO | J17: East | K17: 90000
C18: 150858 | D18: Emily | E18: Carter | F18: 33792 | G18: Male | H18: Married | I18: CCD | J18: East | K18: 34000
C19: 150930 | D19: Noah | E19: Phillips | F19: 29507 | G19: Male | H19: Married | I19: Digital Marketing | J19: South | K19: 82000
C20: 150894 | D20: Tara | E20: Iyer | F20: 35576 | G20: Male | H20: Married | I20: Inside Sales | J20: South | K20: 67000
C21: 150947 | D21: Jacob | E21: Foster | F21: 31261 | G21: Female | H21: Married | I21: CCD | J21: South | K21: 85000
C22: 150905 | D22: Mira | E22: Kapoor | F22: 34018 | G22: Female | H22: Single | I22: FLM | J22: South | K22: 62000
C23: 150995 | D23: Lucas | E23: Grant | F23: 28762 | G23: Male | H23: Married | I23: Inside Sales | J23: Mid West | K23: 15000
... C42: 150821 | D42: Megan | E42: Walsh | F42: 29966 | G42: Male | H42: Single | I42: CCD | J42: North | K42: 26000

Sheet Master Emp sheet
D2: Get Region, Department and Salary of all Employees from Sheet "Source"
D3: If D-Code is not present, display "Retired"
D4: *Use Name Range and Vlookup with Match Function
C6: D_Code | D6: FirstName | E6: LastName | F6: Birthdate | G6: Gender | H6: M_Status | I6: Region | J6: Department | K6: Basic Salary
C7: 150834 | D7: Aiden | E7: Clarke | F7: 29952 | G7: Female | H7: Married | I7: =IFERROR(VLOOKUP(C7,Source!C6:F40,MATCH(Source!E5,Source!C5:F5,0)),"Retired") -> North | J7: =IFERROR(VLOOKUP(C7,Source!C6:F40,MATCH(Source!D5,Source!C5:F5,0)),"Retired") -> FLM | K7: =IFERROR(VLOOKUP(C7,Source!C6:F40,MATCH(Source!F5,Source!C5:F5,0)),"Retired") -> 48000
C8: 150784 | D8: Maya | E8: Bennett | F8: 33311 | G8: Female | H8: Single | I8: =IFERROR(VLOOKUP(C8,Source!C7:F41,MATCH(Source!E6,Source!C6:F6,0)),"Retired") -> North | J8: =IFERROR(VLOOKUP(C8,Source!C7:F41,MATCH(Source!D6,Source!C6:F6,0)),"Retired") -> Digital Marketing | K8: =IFERROR(VLOOKUP(C8,Source!C7:F41,MATCH(Source!F6,Source!C6:F6,0)),"Retired") -> 35000
C9: 150791 | D9: Rohan | E9: Desai | F9: 31620 | G9: Female | H9: Married | I9: =IFERROR(VLOOKUP(C9,Source!C8:F42,MATCH(Source!E7,Source!C7:F7,0)),"Retired") -> North | J9: =IFERROR(VLOOKUP(C9,Source!C8:F42,MATCH(Source!D7,Source!C7:F7,0)),"Retired") -> Digital Marketing | K9: =IFERROR(VLOOKUP(C9,Source!C8:F42,MATCH(Source!F7,Source!C7:F7,0)),"Retired") -> 67000
C10: 150940 | D10: Kiara | E10: Sullivan | F10: 32425 | G10: Male | H10: Single | I10: =IFERROR(VLOOKUP(C10,Source!C9:F43,MATCH(Source!E8,Source!C8:F8,0)),"Retired") -> South | J10: =IFERROR(VLOOKUP(C10,Source!C9:F43,MATCH(Source!D8,Source!C8:F8,0)),"Retired") -> Inside Sales | K10: =IFERROR(VLOOKUP(C10,Source!C9:F43,MATCH(Source!F8,Source!C8:F8,0)),"Retired") -> 87000
C11: 150777 | D11: Ethan | E11: Brooks | F11: 28997 | G11: Male | H11: Married | I11: =IFERROR(VLOOKUP(C11,Source!C10:F44,MATCH(Source!E9,Source!C9:F9,0)),"Retired") -> Retired | J11: =IFERROR(VLOOKUP(C11,Source!C10:F44,MATCH(Source!D9,Source!C9:F9,0)),"Retired") -> Retired | K11: =IFERROR(VLOOKUP(C11,Source!C10:F44,MATCH(Source!F9,Source!C9:F9,0)),"Retired") -> Retired
C12: 150805 | D12: Sarah | E12: Whitman | F12: 35036 | G12: Male | H12: Married | I12: =IFERROR(VLOOKUP(C12,Source!C11:F45,MATCH(Source!E10,Source!C10:F10,0)),"Retired") -> North | J12: =IFERROR(VLOOKUP(C12,Source!C11:F45,MATCH(Source!D10,Source!C10:F10,0)),"Retired") -> Director | K12: =IFERROR(VLOOKUP(C12,Source!C11:F45,MATCH(Source!F10,Source!C10:F10,0)),"Retired") -> 91000
C13: 150990 | D13: Liam | E13: Turner | F13: 30544 | G13: Male | H13: Married | I13: =IFERROR(VLOOKUP(C13,Source!C12:F46,MATCH(Source!E11,Source!C11:F11,0)),"Retired") -> Mid West | J13: =IFERROR(VLOOKUP(C13,Source!C12:F46,MATCH(Source!D11,Source!C11:F11,0)),"Retired") -> Learning & Development | K13: =IFERROR(VLOOKUP(C13,Source!C12:F46,MATCH(Source!F11,Source!C11:F11,0)),"Retired") -> 77000
C14: 150989 | D14: Priya | E14: Nair | F14: 32932 | G14: Male | H14: Married | I14: =IFERROR(VLOOKUP(C14,Source!C13:F47,MATCH(Source!E12,Source!C12:F12,0)),"Retired") -> Mid West | J14: =IFERROR(VLOOKUP(C14,Source!C13:F47,MATCH(Source!D12,Source!C12:F12,0)),"Retired") -> Digital Marketing | K14: =IFERROR(VLOOKUP(C14,Source!C13:F47,MATCH(Source!F12,Source!C12:F12,0)),"Retired") -> 45000
C15: 150881 | D15: Daniel | E15: Harper | F15: 31939 | G15: Male | H15: Single | I15: =IFERROR(VLOOKUP(C15,Source!C14:F48,MATCH(Source!E13,Source!C13:F13,0)),"Retired") -> East | J15: =IFERROR(VLOOKUP(C15,Source!C14:F48,MATCH(Source!D13,Source!C13:F13,0)),"Retired") -> Digital Marketing | K15: =IFERROR(VLOOKUP(C15,Source!C14:F48,MATCH(Source!F13,Source!C13:F13,0)),"Retired") -> 92000
C16: 150814 | D16: Zoe | E16: Mitchell | F16: 29859 | G16: Male | H16: Married | I16: =IFERROR(VLOOKUP(C16,Source!C15:F49,MATCH(Source!E14,Source!C14:F14,0)),"Retired") -> Retired | J16: =IFERROR(VLOOKUP(C16,Source!C15:F49,MATCH(Source!D14,Source!C14:F14,0)),"Retired") -> Retired | K16: =IFERROR(VLOOKUP(C16,Source!C15:F49,MATCH(Source!F14,Source!C14:F14,0)),"Retired") -> Retired
C17: 150937 | D17: Arjun | E17: Mehta | F17: 35160 | G17: Male | H17: Married | I17: =IFERROR(VLOOKUP(C17,Source!C16:F50,MATCH(Source!E15,Source!C15:F15,0)),"Retired") -> South | J17: =IFERROR(VLOOKUP(C17,Source!C16:F50,MATCH(Source!D15,Source!C15:F15,0)),"Retired") -> Learning & Development | K17: =IFERROR(VLOOKUP(C17,Source!C16:F50,MATCH(Source!F15,Source!C15:F15,0)),"Retired") -> 37000
C18: 150888 | D18: Layla | E18: Anderson | F18: 31005 | G18: Male | H18: Married | I18: =IFERROR(VLOOKUP(C18,Source!C17:F51,MATCH(Source!E16,Source!C16:F16,0)),"Retired") -> East | J18: =IFERROR(VLOOKUP(C18,Source!C17:F51,MATCH(Source!D16,Source!C16:F16,0)),"Retired") -> Learning & Development | K18: =IFERROR(VLOOKUP(C18,Source!C17:F51,MATCH(Source!F16,Source!C16:F16,0)),"Retired") -> 43000
... C44: 150821 | D44: Megan | E44: Walsh | F44: 29966 | G44: Male | H44: Single | I44: =IFERROR(VLOOKUP(C44,Source!C43:F77,MATCH(Source!E42,Source!C42:F42,0)),"Retired") -> Retired | J44: =IFERROR(VLOOKUP(C44,Source!C43:F77,MATCH(Source!D42,Source!C42:F42,0)),"Retired") -> Retired | K44: =IFERROR(VLOOKUP(C44,Source!C43:F77,MATCH(Source!F42,Source!C42:F42,0)),"Retired") -> Retired

Sheet Source
C5: D_Code | D5: Department | E5: Region | F5: Basic Salary
C6: 150773 | D6: Finance | E6: North | F6: 85000
C7: 150777 | D7: Marketing | E7: North | F7: 22000
C8: 150784 | D8: Digital Marketing | E8: North | F8: 35000
C9: 150791 | D9: Digital Marketing | E9: North | F9: 67000
C10: 150798 | D10: Digital Marketing | E10: North | F10: 81000
C11: 150805 | D11: Director | E11: North | F11: 91000
C12: 150814 | D12: Inside Sales | E12: North | F12: 50000
C13: 150821 | D13: CCD | E13: North | F13: 26000
C14: 150830 | D14: Sales | E14: North | F14: 52000
C15: 150834 | D15: FLM | E15: North | F15: 48000
C16: 150840 | D16: Inside Sales | E16: East | F16: 20000
C17: 150850 | D17: CCD | E17: East | F17: 47000
... C40: 150995 | D40: Inside Sales | E40: Mid West | F40: 15000
